"Found","Response Code","Content Length"
"/cgi-bin/","403","231"
"/","200","3267"
"/icons/","200","204"
"/manual/","200","204"
"/test.php","200","323"
"/manual/mod/","200","204"
"/doc/","403","231"
"/icons/small/","200","204"
"/usage/","200","4650"
"/usage/usage_200909.html","200","38021"
"/usage/usage_202311.html","200","39598"
"/mrtg/","200","18036"
"/mrtg/mrtg.html","200","7514"
"/mrtg/unix-guide.html","200","11812"
"/mrtg/cfgmaker.html","200","10740"
"/mrtg/contrib.html","200","3703"
"/mrtg/mrtg-rrd.html","200","5443"
"/mrtg/faq.html","200","6576"
"/mrtg/forum.html","200","4766"
"/mrtg/indexmaker.html","200","6950"
"/mrtg/logfile.html","200","4075"
"/mrtg/reference.html","200","50179"
"/mrtg/mibhelp.html","200","8212"
"/mrtg/webserver.html","200","3059"
"/mrtg/nt-guide.html","200","14397"
"/mrtg/squid.html","200","4518"
"/manual/mod/mod_perl/","200","204"
"/manual/mod/mod_ssl/","200","6848"
"/manual/mod/mod_ssl/ssl_overview.html","200","18347"
"/manual/mod/mod_ssl/index.html","200","6848"
"/manual/mod/mod_ssl/ssl_compat.html","200","29864"
"/manual/mod/mod_ssl/ssl_intro.html","200","44214"
"/manual/mod/mod_ssl/ssl_reference.html","200","111659"
"/manual/mod/mod_ssl/ssl_faq.html","200","82935"
"/manual/mod/mod_ssl/ssl_glossary.html","200","15800"
"/manual/mod/mod_ssl/ssl_howto.html","200","43306"
